"","DateTime","Inj","V1","V2","V3","V4","V1_adjusted","V2_adjusted","V3_adjusted","V4_adjusted","Flux_1","Flux_2","ppt_mm"
"1",2019-07-10 11:35:00,"No",NA,NA,NA,NA,NA,NA,NA,NA,NA,NA,0
"2",2019-07-10 11:40:00,"No",NA,NA,NA,NA,NA,NA,NA,NA,NA,NA,0
"3",2019-07-10 11:45:00,"No",1515,1510,1072.5,698.57506005,NA,NA,NA,698.57506005,1.06,NA,0
"4",2019-07-10 11:50:00,"No",NA,NA,NA,NA,NA,NA,NA,NA,NA,NA,0
"5",2019-07-10 11:55:00,"No",NA,NA,NA,NA,NA,NA,NA,NA,NA,NA,0
"6",2019-07-10 12:00:00,"No",1490,1480,1067.5,669.11143405,NA,NA,NA,669.11143405,0.85,NA,0
"7",2019-07-10 12:05:00,"No",NA,NA,NA,NA,NA,NA,NA,NA,NA,NA,0
"8",2019-07-10 12:10:00,"No",NA,NA,NA,NA,NA,NA,NA,NA,NA,NA,0
"9",2019-07-10 12:15:00,"No",1480,1495,1047.5,661.74552755,NA,NA,NA,661.74552755,0.78,NA,0
"10",2019-07-10 12:20:00,"No",NA,NA,NA,NA,NA,NA,NA,NA,NA,NA,0
"11",2019-07-10 12:25:00,"No",NA,NA,NA,NA,NA,NA,NA,NA,NA,NA,0
"12",2019-07-10 12:30:00,"No",1455,1465,1022.5,683.84324705,NA,NA,NA,683.84324705,0.85,NA,0
"13",2019-07-10 12:35:00,"No",NA,NA,NA,NA,NA,NA,NA,NA,NA,NA,0
"14",2019-07-10 12:40:00,"No",NA,NA,NA,NA,NA,NA,NA,NA,NA,NA,0
"15",2019-07-10 12:45:00,"No",1445,1455,1057.5,654.37962105,NA,NA,NA,654.37962105,0.69,NA,0
"16",2019-07-10 12:50:00,"No",NA,NA,NA,NA,NA,NA,NA,NA,NA,NA,0
"17",2019-07-10 12:55:00,"No",NA,NA,NA,NA,NA,NA,NA,NA,NA,NA,0
"18",2019-07-10 13:00:00,"No",1415,1410,1027.5,647.01371455,NA,NA,NA,647.01371455,-0.02,NA,0
"19",2019-07-10 13:05:00,"No",NA,NA,NA,NA,NA,NA,NA,NA,NA,NA,0
"20",2019-07-10 13:10:00,"No",NA,NA,NA,NA,NA,NA,NA,NA,NA,NA,0
"21",2019-07-10 13:15:00,"No",1415,1415,1007.5,647.01371455,NA,NA,NA,647.01371455,1.21,NA,0
"22",2019-07-10 13:20:00,"No",NA,NA,NA,NA,NA,NA,NA,NA,NA,NA,0
"23",2019-07-10 13:25:00,"No",NA,NA,NA,NA,NA,NA,NA,NA,NA,NA,0
"24",2019-07-10 13:30:00,"No",1405,1395,987.5,632.28190155,NA,NA,NA,632.28190155,0.88,NA,0
"25",2019-07-10 13:35:00,"No",NA,NA,NA,NA,NA,NA,NA,NA,NA,NA,0
"26",2019-07-10 13:40:00,"No",NA,NA,NA,NA,NA,NA,NA,NA,NA,NA,0
"27",2019-07-10 13:45:00,"No",1395,1390,922.5,647.01371455,NA,NA,NA,647.01371455,0.86,NA,0
"28",2019-07-10 13:50:00,"No",NA,NA,NA,NA,NA,NA,NA,NA,NA,NA,0
"29",2019-07-10 13:55:00,"No",NA,NA,NA,NA,NA,NA,NA,NA,NA,NA,0
"30",2019-07-10 14:00:00,"No",1380,1375,957.5,624.91599505,NA,NA,NA,624.91599505,0.81,NA,0
"31",2019-07-10 14:05:00,"No",NA,NA,NA,NA,NA,NA,NA,NA,NA,NA,0
"32",2019-07-10 14:10:00,"No",NA,NA,NA,NA,NA,NA,NA,NA,NA,NA,0
"33",2019-07-10 14:15:00,"No",1365,1360,947.5,610.18418205,NA,NA,NA,610.18418205,0.73,NA,0
"34",2019-07-10 14:20:00,"No",NA,NA,NA,NA,NA,NA,NA,NA,NA,NA,0
"35",2019-07-10 14:25:00,"No",NA,NA,NA,NA,NA,NA,NA,NA,NA,NA,0
"36",2019-07-10 14:30:00,"No",1370,1355,932.5,617.55008855,NA,NA,NA,617.55008855,0.74,NA,0
"37",2019-07-10 14:35:00,"No",NA,NA,NA,NA,NA,NA,NA,NA,NA,NA,0
"38",2019-07-10 14:40:00,"No",NA,NA,NA,NA,NA,NA,NA,NA,NA,NA,0
"39",2019-07-10 14:45:00,"No",1330,1345,932.5,632.28190155,NA,NA,NA,632.28190155,0.75,NA,0
"40",2019-07-10 14:50:00,"No",NA,NA,NA,NA,NA,NA,NA,NA,NA,NA,0
"41",2019-07-10 14:55:00,"No",NA,NA,NA,NA,NA,NA,NA,NA,NA,NA,0
"42",2019-07-10 15:00:00,"No",1330,1330,922.5,617.55008855,NA,NA,NA,617.55008855,0.76,NA,0
"43",2019-07-10 15:05:00,"No",NA,NA,NA,NA,NA,NA,NA,NA,NA,NA,0
"44",2019-07-10 15:10:00,"No",NA,NA,NA,NA,NA,NA,NA,NA,NA,NA,0
"45",2019-07-10 15:15:00,"No",1345,1345,937.5,624.91599505,NA,NA,NA,624.91599505,0.73,NA,0
"46",2019-07-10 15:20:00,"No",NA,NA,NA,NA,NA,NA,NA,NA,NA,NA,0
"47",2019-07-10 15:25:00,"No",NA,NA,NA,NA,NA,NA,NA,NA,NA,NA,0
"48",2019-07-10 15:30:00,"No",1345,1345,917.5,610.18418205,NA,NA,NA,610.18418205,0.79,NA,0
"49",2019-07-10 15:35:00,"No",NA,NA,NA,NA,NA,NA,NA,NA,NA,NA,0
"50",2019-07-10 15:40:00,"No",NA,NA,NA,NA,NA,NA,NA,NA,NA,NA,0
"51",2019-07-10 15:45:00,"No",1330,1350,952.5,624.91599505,NA,NA,NA,624.91599505,0.8,NA,0
"52",2019-07-10 15:50:00,"No",NA,NA,NA,NA,NA,NA,NA,NA,NA,NA,0
"53",2019-07-10 15:55:00,"No",NA,NA,NA,NA,NA,NA,NA,NA,NA,NA,0
"54",2019-07-10 16:00:00,"No",1350,1335,972.5,624.91599505,NA,NA,NA,624.91599505,0.75,NA,0
"55",2019-07-10 16:05:00,"No",NA,NA,NA,NA,NA,NA,NA,NA,NA,NA,0
"56",2019-07-10 16:10:00,"No",NA,NA,NA,NA,NA,NA,NA,NA,NA,NA,0
"57",2019-07-10 16:15:00,"No",1340,1345,962.5,632.28190155,NA,NA,NA,632.28190155,0.8,NA,0
"58",2019-07-10 16:20:00,"No",NA,NA,NA,NA,NA,NA,NA,NA,NA,NA,0
"59",2019-07-10 16:25:00,"No",NA,NA,NA,NA,NA,NA,NA,NA,NA,NA,0
"60",2019-07-10 16:30:00,"No",1360,1345,947.5,617.55008855,NA,NA,NA,617.55008855,0.8,NA,0
"61",2019-07-10 16:35:00,"No",NA,NA,NA,NA,NA,NA,NA,NA,NA,NA,0
"62",2019-07-10 16:40:00,"No",NA,NA,NA,NA,NA,NA,NA,NA,NA,NA,0
"63",2019-07-10 16:45:00,"No",1360,1375,972.5,632.28190155,NA,NA,NA,632.28190155,0.86,NA,0
"64",2019-07-10 16:50:00,"No",NA,NA,NA,NA,NA,NA,NA,NA,NA,NA,0
"65",2019-07-10 16:55:00,"No",NA,NA,NA,NA,NA,NA,NA,NA,NA,NA,0
"66",2019-07-10 17:00:00,"No",1405,1380,982.5,632.28190155,NA,NA,NA,632.28190155,0.91,NA,0
"67",2019-07-10 17:05:00,"No",NA,NA,NA,NA,NA,NA,NA,NA,NA,NA,0
"68",2019-07-10 17:10:00,"No",NA,NA,NA,NA,NA,NA,NA,NA,NA,NA,0
"69",2019-07-10 17:15:00,"No",1400,1400,997.5,639.64780805,NA,NA,NA,639.64780805,0.9,NA,0
"70",2019-07-10 17:20:00,"No",NA,NA,NA,NA,NA,NA,NA,NA,NA,NA,0
"71",2019-07-10 17:25:00,"No",NA,NA,NA,NA,NA,NA,NA,NA,NA,NA,0
"72",2019-07-10 17:30:00,"No",1435,1415,1027.5,617.55008855,NA,NA,NA,617.55008855,0.92,NA,0
"73",2019-07-10 17:35:00,"No",NA,NA,NA,NA,NA,NA,NA,NA,NA,NA,0
"74",2019-07-10 17:40:00,"No",NA,NA,NA,NA,NA,NA,NA,NA,NA,NA,0
"75",2019-07-10 17:45:00,"No",1435,1435,1047.5,647.01371455,NA,NA,NA,647.01371455,0.91,NA,0
"76",2019-07-10 17:50:00,"No",NA,NA,NA,NA,NA,NA,NA,NA,NA,NA,0
"77",2019-07-10 17:55:00,"No",NA,NA,NA,NA,NA,NA,NA,NA,NA,NA,0
"78",2019-07-10 18:00:00,"No",1485,1475,1042.5,661.74552755,NA,NA,NA,661.74552755,0.97,NA,0
"79",2019-07-10 18:05:00,"No",NA,NA,NA,NA,NA,NA,NA,NA,NA,NA,0
"80",2019-07-10 18:10:00,"No",NA,NA,NA,NA,NA,NA,NA,NA,NA,NA,0
"81",2019-07-10 18:15:00,"No",1535,1520,1042.5,654.37962105,NA,NA,NA,654.37962105,1.01,NA,0
"82",2019-07-10 18:20:00,"No",NA,NA,NA,NA,NA,NA,NA,NA,NA,NA,0
"83",2019-07-10 18:25:00,"No",NA,NA,NA,NA,NA,NA,NA,NA,NA,NA,0
"84",2019-07-10 18:30:00,"No",1600,1585,1137.5,669.11143405,NA,NA,NA,669.11143405,1.08,NA,0
"85",2019-07-10 18:35:00,"No",NA,NA,NA,NA,NA,NA,NA,NA,NA,NA,0
"86",2019-07-10 18:40:00,"No",NA,NA,NA,NA,NA,NA,NA,NA,NA,NA,0
"87",2019-07-10 18:45:00,"No",1670,1660,1147.5,669.11143405,NA,NA,NA,669.11143405,1.14,NA,0
"88",2019-07-10 18:50:00,"No",NA,NA,NA,NA,NA,NA,NA,NA,NA,NA,0
"89",2019-07-10 18:55:00,"No",NA,NA,NA,NA,NA,NA,NA,NA,NA,NA,0
"90",2019-07-10 19:00:00,"No",1720,1710,1212.5,661.74552755,NA,NA,NA,661.74552755,1.11,NA,0
"91",2019-07-10 19:05:00,"No",NA,NA,NA,NA,NA,NA,NA,NA,NA,NA,0
"92",2019-07-10 19:10:00,"No",NA,NA,NA,NA,NA,NA,NA,NA,NA,NA,0
"93",2019-07-10 19:15:00,"No",1780,1775,1272.5,683.84324705,NA,NA,NA,683.84324705,1.28,NA,0
"94",2019-07-10 19:20:00,"No",NA,NA,NA,NA,NA,NA,NA,NA,NA,NA,0
"95",2019-07-10 19:25:00,"No",NA,NA,NA,NA,NA,NA,NA,NA,NA,NA,0
"96",2019-07-10 19:30:00,"No",1835,1810,1317.5,691.20915355,NA,NA,NA,691.20915355,1.33,NA,0
"97",2019-07-10 19:35:00,"No",NA,NA,NA,NA,NA,NA,NA,NA,NA,NA,0
"98",2019-07-10 19:40:00,"No",NA,NA,NA,NA,NA,NA,NA,NA,NA,NA,0
"99",2019-07-10 19:45:00,"No",1875,1870,1297.5,705.94096655,NA,NA,NA,705.94096655,1.3,NA,0
"100",2019-07-10 19:50:00,"No",NA,NA,NA,NA,NA,NA,NA,NA,NA,NA,0
"101",2019-07-10 19:55:00,"No",NA,NA,NA,NA,NA,NA,NA,NA,NA,NA,0
"102",2019-07-10 20:00:00,"No",1925,1900,1367.5,691.20915355,NA,NA,NA,691.20915355,1.41,NA,0
"103",2019-07-10 20:05:00,"No",NA,NA,NA,NA,NA,NA,NA,NA,NA,NA,0
"104",2019-07-10 20:10:00,"No",NA,NA,NA,NA,NA,NA,NA,NA,NA,NA,0
"105",2019-07-10 20:15:00,"No",1935,1925,1377.5,720.67277955,NA,NA,NA,720.67277955,1.47,NA,0
"106",2019-07-10 20:20:00,"No",NA,NA,NA,NA,NA,NA,NA,NA,NA,NA,0
"107",2019-07-10 20:25:00,"No",NA,NA,NA,NA,NA,NA,NA,NA,NA,NA,0
"108",2019-07-10 20:30:00,"No",1985,1955,1417.5,742.77049905,NA,NA,NA,742.77049905,1.43,NA,0
"109",2019-07-10 20:35:00,"No",NA,NA,NA,NA,NA,NA,NA,NA,NA,NA,0
"110",2019-07-10 20:40:00,"No",NA,NA,NA,NA,NA,NA,NA,NA,NA,NA,0
"111",2019-07-10 20:45:00,"No",2015,1990,1422.5,735.40459255,NA,NA,NA,735.40459255,1.52,NA,0
"112",2019-07-10 20:50:00,"No",NA,NA,NA,NA,NA,NA,NA,NA,NA,NA,0
"113",2019-07-10 20:55:00,"No",NA,NA,NA,NA,NA,NA,NA,NA,NA,NA,0
"114",2019-07-10 21:00:00,"No",2040,2015,1397.5,735.40459255,NA,NA,NA,735.40459255,1.5,NA,0
"115",2019-07-10 21:05:00,"No",NA,NA,NA,NA,NA,NA,NA,NA,NA,NA,0
"116",2019-07-10 21:10:00,"No",NA,NA,NA,NA,NA,NA,NA,NA,NA,NA,0
"117",2019-07-10 21:15:00,"No",2070,2045,1477.5,750.13640555,NA,NA,NA,750.13640555,1.52,NA,0
"118",2019-07-10 21:20:00,"No",NA,NA,NA,NA,NA,NA,NA,NA,NA,NA,0
"119",2019-07-10 21:25:00,"No",NA,NA,NA,NA,NA,NA,NA,NA,NA,NA,0
"120",2019-07-10 21:30:00,"No",2100,2075,1497.5,742.77049905,NA,NA,NA,742.77049905,1.6,NA,0
"121",2019-07-10 21:35:00,"No",NA,NA,NA,NA,NA,NA,NA,NA,NA,NA,0
"122",2019-07-10 21:40:00,"No",NA,NA,NA,NA,NA,NA,NA,NA,NA,NA,0
"123",2019-07-10 21:45:00,"No",2125,2090,1527.5,742.77049905,NA,NA,NA,742.77049905,1.67,NA,0
"124",2019-07-10 21:50:00,"No",NA,NA,NA,NA,NA,NA,NA,NA,NA,NA,0
"125",2019-07-10 21:55:00,"No",NA,NA,NA,NA,NA,NA,NA,NA,NA,NA,0
"126",2019-07-10 22:00:00,"No",2145,2115,1522.5,750.13640555,NA,NA,NA,750.13640555,1.64,NA,0
"127",2019-07-10 22:05:00,"No",NA,NA,NA,NA,NA,NA,NA,NA,NA,NA,0
"128",2019-07-10 22:10:00,"No",NA,NA,NA,NA,NA,NA,NA,NA,NA,NA,0
"129",2019-07-10 22:15:00,"No",2180,2125,1517.5,750.13640555,NA,NA,NA,750.13640555,1.79,NA,0
"130",2019-07-10 22:20:00,"No",NA,NA,NA,NA,NA,NA,NA,NA,NA,NA,0
"131",2019-07-10 22:25:00,"No",NA,NA,NA,NA,NA,NA,NA,NA,NA,NA,0
"132",2019-07-10 22:30:00,"No",2190,2165,1517.5,757.50231205,NA,NA,NA,757.50231205,1.72,NA,0
"133",2019-07-10 22:35:00,"No",NA,NA,NA,NA,NA,NA,NA,NA,NA,NA,0
"134",2019-07-10 22:40:00,"No",NA,NA,NA,NA,NA,NA,NA,NA,NA,NA,0
"135",2019-07-10 22:45:00,"No",2185,2190,1532.5,757.50231205,NA,NA,NA,757.50231205,1.76,NA,0
"136",2019-07-10 22:50:00,"No",NA,NA,NA,NA,NA,NA,NA,NA,NA,NA,0
"137",2019-07-10 22:55:00,"No",NA,NA,NA,NA,NA,NA,NA,NA,NA,NA,0
"138",2019-07-10 23:00:00,"No",2230,2200,1582.5,764.86821855,NA,NA,NA,764.86821855,1.78,NA,0
"139",2019-07-10 23:05:00,"No",NA,NA,NA,NA,NA,NA,NA,NA,NA,NA,0
"140",2019-07-10 23:10:00,"No",NA,NA,NA,NA,NA,NA,NA,NA,NA,NA,0
"141",2019-07-10 23:15:00,"No",2245,2220,1567.5,750.13640555,NA,NA,NA,750.13640555,1.89,NA,0
"142",2019-07-10 23:20:00,"No",NA,NA,NA,NA,NA,NA,NA,NA,NA,NA,0
"143",2019-07-10 23:25:00,"No",NA,NA,NA,NA,NA,NA,NA,NA,NA,NA,0
"144",2019-07-10 23:30:00,"No",2255,2215,1602.5,764.86821855,NA,NA,NA,764.86821855,1.97,NA,0
"145",2019-07-10 23:35:00,"No",NA,NA,NA,NA,NA,NA,NA,NA,NA,NA,0
"146",2019-07-10 23:40:00,"No",NA,NA,NA,NA,NA,NA,NA,NA,NA,NA,0
"147",2019-07-10 23:45:00,"No",2270,2250,1662.5,772.23412505,NA,NA,NA,772.23412505,1.91,NA,0
"148",2019-07-10 23:50:00,"No",NA,NA,NA,NA,NA,NA,NA,NA,NA,NA,0
"149",2019-07-10 23:55:00,"No",NA,NA,NA,NA,NA,NA,NA,NA,NA,NA,0
"150",2019-07-11 00:00:00,"No",2290,2245,1637.5,772.23412505,NA,NA,NA,772.23412505,1.87,NA,0
"151",2019-07-11 00:05:00,"No",NA,NA,NA,NA,NA,NA,NA,NA,NA,NA,0
"152",2019-07-11 00:10:00,"No",NA,NA,NA,NA,NA,NA,NA,NA,NA,NA,0
"153",2019-07-11 00:15:00,"No",2320,2265,1707.5,786.96593805,NA,NA,NA,786.96593805,1.96,NA,0
"154",2019-07-11 00:20:00,"No",NA,NA,NA,NA,NA,NA,NA,NA,NA,NA,0
"155",2019-07-11 00:25:00,"No",NA,NA,NA,NA,NA,NA,NA,NA,NA,NA,0
"156",2019-07-11 00:30:00,"No",2330,2290,1652.5,779.60003155,NA,NA,NA,779.60003155,2.09,NA,0
"157",2019-07-11 00:35:00,"No",NA,NA,NA,NA,NA,NA,NA,NA,NA,NA,0
"158",2019-07-11 00:40:00,"No",NA,NA,NA,NA,NA,NA,NA,NA,NA,NA,0
"159",2019-07-11 00:45:00,"No",2355,2300,1687.5,779.60003155,NA,NA,NA,779.60003155,2.03,NA,0
"160",2019-07-11 00:50:00,"No",NA,NA,NA,NA,NA,NA,NA,NA,NA,NA,0
"161",2019-07-11 00:55:00,"No",NA,NA,NA,NA,NA,NA,NA,NA,NA,NA,0
"162",2019-07-11 01:00:00,"No",2380,2315,1732.5,816.42956405,NA,NA,NA,816.42956405,2.11,NA,0
"163",2019-07-11 01:05:00,"No",NA,NA,NA,NA,NA,NA,NA,NA,NA,NA,0
"164",2019-07-11 01:10:00,"No",NA,NA,NA,NA,NA,NA,NA,NA,NA,NA,0
"165",2019-07-11 01:15:00,"No",2390,2355,1747.5,801.69775105,NA,NA,NA,801.69775105,2.02,NA,0
"166",2019-07-11 01:20:00,"No",NA,NA,NA,NA,NA,NA,NA,NA,NA,NA,0
"167",2019-07-11 01:25:00,"No",NA,NA,NA,NA,NA,NA,NA,NA,NA,NA,0
"168",2019-07-11 01:30:00,"No",2410,2355,1782.5,786.96593805,NA,NA,NA,786.96593805,2.08,NA,0
"169",2019-07-11 01:35:00,"No",NA,NA,NA,NA,NA,NA,NA,NA,NA,NA,0
"170",2019-07-11 01:40:00,"No",NA,NA,NA,NA,NA,NA,NA,NA,NA,NA,0
"171",2019-07-11 01:45:00,"No",2415,2360,1737.5,801.69775105,NA,NA,NA,801.69775105,2.21,NA,0
"172",2019-07-11 01:50:00,"No",NA,NA,NA,NA,NA,NA,NA,NA,NA,NA,0
"173",2019-07-11 01:55:00,"No",NA,NA,NA,NA,NA,NA,NA,NA,NA,NA,0
"174",2019-07-11 02:00:00,"No",2410,2415,1787.5,809.06365755,NA,NA,NA,809.06365755,2.18,NA,0
"175",2019-07-11 02:05:00,"No",NA,NA,NA,NA,NA,NA,NA,NA,NA,NA,0
"176",2019-07-11 02:10:00,"No",NA,NA,NA,NA,NA,NA,NA,NA,NA,NA,0
"177",2019-07-11 02:15:00,"No",2455,2395,1767.5,794.33184455,NA,NA,NA,794.33184455,2.18,NA,0
"178",2019-07-11 02:20:00,"No",NA,NA,NA,NA,NA,NA,NA,NA,NA,NA,0
"179",2019-07-11 02:25:00,"No",NA,NA,NA,NA,NA,NA,NA,NA,NA,NA,0
"180",2019-07-11 02:30:00,"No",2445,2395,1762.5,794.33184455,NA,NA,NA,794.33184455,2.28,NA,0
"181",2019-07-11 02:35:00,"No",NA,NA,NA,NA,NA,NA,NA,NA,NA,NA,0
"182",2019-07-11 02:40:00,"No",NA,NA,NA,NA,NA,NA,NA,NA,NA,NA,0
"183",2019-07-11 02:45:00,"No",2470,2450,1762.5,809.06365755,NA,NA,NA,809.06365755,2.2,NA,0
"184",2019-07-11 02:50:00,"No",NA,NA,NA,NA,NA,NA,NA,NA,NA,NA,0
"185",2019-07-11 02:55:00,"No",NA,NA,NA,NA,NA,NA,NA,NA,NA,NA,0
"186",2019-07-11 03:00:00,"No",2485,2410,1817.5,816.42956405,NA,NA,NA,816.42956405,2.27,NA,0
"187",2019-07-11 03:05:00,"No",NA,NA,NA,NA,NA,NA,NA,NA,NA,NA,0
"188",2019-07-11 03:10:00,"No",NA,NA,NA,NA,NA,NA,NA,NA,NA,NA,0
"189",2019-07-11 03:15:00,"No",2490,2430,1772.5,823.79547055,NA,NA,NA,823.79547055,2.28,NA,0
"190",2019-07-11 03:20:00,"No",NA,NA,NA,NA,NA,NA,NA,NA,NA,NA,0
"191",2019-07-11 03:25:00,"No",NA,NA,NA,NA,NA,NA,NA,NA,NA,NA,0
"192",2019-07-11 03:30:00,"No",2495,2430,1792.5,801.69775105,NA,NA,NA,801.69775105,2.21,NA,0
"193",2019-07-11 03:35:00,"No",NA,NA,NA,NA,NA,NA,NA,NA,NA,NA,0
"194",2019-07-11 03:40:00,"No",NA,NA,NA,NA,NA,NA,NA,NA,NA,NA,0
"195",2019-07-11 03:45:00,"No",2495,2435,1802.5,809.06365755,NA,NA,NA,809.06365755,2.34,NA,0
"196",2019-07-11 03:50:00,"No",NA,NA,NA,NA,NA,NA,NA,NA,NA,NA,0
"197",2019-07-11 03:55:00,"No",NA,NA,NA,NA,NA,NA,NA,NA,NA,NA,0
"198",2019-07-11 04:00:00,"No",2510,2460,1847.5,816.42956405,NA,NA,NA,816.42956405,2.49,NA,0
"199",2019-07-11 04:05:00,"No",NA,NA,NA,NA,NA,NA,NA,NA,NA,NA,0
"200",2019-07-11 04:10:00,"No",NA,NA,NA,NA,NA,NA,NA,NA,NA,NA,0
"201",2019-07-11 04:15:00,"No",2505,2475,1827.5,809.06365755,NA,NA,NA,809.06365755,2.45,NA,0
"202",2019-07-11 04:20:00,"No",NA,NA,NA,NA,NA,NA,NA,NA,NA,NA,0
"203",2019-07-11 04:25:00,"No",NA,NA,NA,NA,NA,NA,NA,NA,NA,NA,0
"204",2019-07-11 04:30:00,"No",2520,2485,1832.5,838.52728355,NA,NA,NA,838.52728355,2.39,NA,0
"205",2019-07-11 04:35:00,"No",NA,NA,NA,NA,NA,NA,NA,NA,NA,NA,0
"206",2019-07-11 04:40:00,"No",NA,NA,NA,NA,NA,NA,NA,NA,NA,NA,0
"207",2019-07-11 04:45:00,"No",2535,2510,1887.5,816.42956405,NA,NA,NA,816.42956405,2.49,NA,0
"208",2019-07-11 04:50:00,"No",NA,NA,NA,NA,NA,NA,NA,NA,NA,NA,0
"209",2019-07-11 04:55:00,"No",NA,NA,NA,NA,NA,NA,NA,NA,NA,NA,0
"210",2019-07-11 05:00:00,"No",2545,2480,1877.5,816.42956405,NA,NA,NA,816.42956405,2.45,NA,0
"211",2019-07-11 05:05:00,"No",NA,NA,NA,NA,NA,NA,NA,NA,NA,NA,0
"212",2019-07-11 05:10:00,"No",NA,NA,NA,NA,NA,NA,NA,NA,NA,NA,0
"213",2019-07-11 05:15:00,"No",2540,2500,1852.5,816.42956405,NA,NA,NA,816.42956405,2.44,NA,0
"214",2019-07-11 05:20:00,"No",NA,NA,NA,NA,NA,NA,NA,NA,NA,NA,0
"215",2019-07-11 05:25:00,"No",NA,NA,NA,NA,NA,NA,NA,NA,NA,NA,0
"216",2019-07-11 05:30:00,"No",2545,2500,1862.5,823.79547055,NA,NA,NA,823.79547055,2.39,NA,0
"217",2019-07-11 05:35:00,"No",NA,NA,NA,NA,NA,NA,NA,NA,NA,NA,0
"218",2019-07-11 05:40:00,"No",NA,NA,NA,NA,NA,NA,NA,NA,NA,NA,0
"219",2019-07-11 05:45:00,"No",2550,2510,1852.5,831.16137705,NA,NA,NA,831.16137705,2.44,NA,0
"220",2019-07-11 05:50:00,"No",NA,NA,NA,NA,NA,NA,NA,NA,NA,NA,0
"221",2019-07-11 05:55:00,"No",NA,NA,NA,NA,NA,NA,NA,NA,NA,NA,0
"222",2019-07-11 06:00:00,"No",2545,2510,1837.5,831.16137705,NA,NA,NA,831.16137705,2.47,NA,0
"223",2019-07-11 06:05:00,"No",NA,NA,NA,NA,NA,NA,NA,NA,NA,NA,0
"224",2019-07-11 06:10:00,"No",NA,NA,NA,NA,NA,NA,NA,NA,NA,NA,0
"225",2019-07-11 06:15:00,"No",2560,2515,1907.5,823.79547055,NA,NA,NA,823.79547055,2.56,NA,0
"226",2019-07-11 06:20:00,"No",NA,NA,NA,NA,NA,NA,NA,NA,NA,NA,0
"227",2019-07-11 06:25:00,"No",NA,NA,NA,NA,NA,NA,NA,NA,NA,NA,0
"228",2019-07-11 06:30:00,"No",2545,2525,1852.5,823.79547055,NA,NA,NA,823.79547055,2.5,NA,0
"229",2019-07-11 06:35:00,"No",NA,NA,NA,NA,NA,NA,NA,NA,NA,NA,0
"230",2019-07-11 06:40:00,"No",NA,NA,NA,NA,NA,NA,NA,NA,NA,NA,0
"231",2019-07-11 06:45:00,"No",2560,2510,1912.5,838.52728355,NA,NA,NA,838.52728355,2.46,NA,0
"232",2019-07-11 06:50:00,"No",NA,NA,NA,NA,NA,NA,NA,NA,NA,NA,0
"233",2019-07-11 06:55:00,"No",NA,NA,NA,NA,NA,NA,NA,NA,NA,NA,0
"234",2019-07-11 07:00:00,"No",2555,2485,1847.5,816.42956405,NA,NA,NA,816.42956405,2.52,NA,0
"235",2019-07-11 07:05:00,"No",NA,NA,NA,NA,NA,NA,NA,NA,NA,NA,0
"236",2019-07-11 07:10:00,"No",NA,NA,NA,NA,NA,NA,NA,NA,NA,NA,0
"237",2019-07-11 07:15:00,"No",2515,2465,1877.5,794.33184455,NA,NA,NA,794.33184455,2.53,NA,0
"238",2019-07-11 07:20:00,"No",NA,NA,NA,NA,NA,NA,NA,NA,NA,NA,0
"239",2019-07-11 07:25:00,"No",NA,NA,NA,NA,NA,NA,NA,NA,NA,NA,0
"240",2019-07-11 07:30:00,"No",2505,2450,1867.5,823.79547055,NA,NA,NA,823.79547055,2.45,NA,0
"241",2019-07-11 07:35:00,"No",NA,NA,NA,NA,NA,NA,NA,NA,NA,NA,0
"242",2019-07-11 07:40:00,"No",NA,NA,NA,NA,NA,NA,NA,NA,NA,NA,0
"243",2019-07-11 07:45:00,"No",2490,2455,1837.5,809.06365755,NA,NA,NA,809.06365755,2.58,NA,0
"244",2019-07-11 07:50:00,"No",NA,NA,NA,NA,NA,NA,NA,NA,NA,NA,0
"245",2019-07-11 07:55:00,"No",NA,NA,NA,NA,NA,NA,NA,NA,NA,NA,0
"246",2019-07-11 08:00:00,"No",2455,2415,1817.5,801.69775105,NA,NA,NA,801.69775105,2.43,NA,0
"247",2019-07-11 08:05:00,"No",NA,NA,NA,NA,NA,NA,NA,NA,NA,NA,0
"248",2019-07-11 08:10:00,"No",NA,NA,NA,NA,NA,NA,NA,NA,NA,NA,0
"249",2019-07-11 08:15:00,"No",2450,2380,1802.5,816.42956405,NA,NA,NA,816.42956405,2.2,NA,0
"250",2019-07-11 08:20:00,"No",NA,NA,NA,NA,NA,NA,NA,NA,NA,NA,0
"251",2019-07-11 08:25:00,"No",NA,NA,NA,NA,NA,NA,NA,NA,NA,NA,0
"252",2019-07-11 08:30:00,"No",2435,2375,1802.5,801.69775105,NA,NA,NA,801.69775105,2.11,NA,0
"253",2019-07-11 08:35:00,"No",NA,NA,NA,NA,NA,NA,NA,NA,NA,NA,0
"254",2019-07-11 08:40:00,"No",NA,NA,NA,NA,NA,NA,NA,NA,NA,NA,0
"255",2019-07-11 08:45:00,"No",2415,2385,1802.5,794.33184455,NA,NA,NA,794.33184455,2.07,NA,0
"256",2019-07-11 08:50:00,"No",NA,NA,NA,NA,NA,NA,NA,NA,NA,NA,0
"257",2019-07-11 08:55:00,"No",NA,NA,NA,NA,NA,NA,NA,NA,NA,NA,0
"258",2019-07-11 09:00:00,"No",2395,2335,1812.5,786.96593805,NA,NA,NA,786.96593805,2,NA,0
"259",2019-07-11 09:05:00,"No",NA,NA,NA,NA,NA,NA,NA,NA,NA,NA,0
"260",2019-07-11 09:10:00,"No",NA,NA,NA,NA,NA,NA,NA,NA,NA,NA,0
"261",2019-07-11 09:15:00,"No",2370,2320,1752.5,764.86821855,NA,NA,NA,764.86821855,1.62,NA,0
"262",2019-07-11 09:20:00,"No",NA,NA,NA,NA,NA,NA,NA,NA,NA,NA,0
"263",2019-07-11 09:25:00,"No",NA,NA,NA,NA,NA,NA,NA,NA,NA,NA,0
"264",2019-07-11 09:30:00,"No",2320,2300,1667.5,779.60003155,NA,NA,NA,779.60003155,1.64,NA,0
"265",2019-07-11 09:35:00,"No",NA,NA,NA,NA,NA,NA,NA,NA,NA,NA,0
"266",2019-07-11 09:40:00,"No",NA,NA,NA,NA,NA,NA,NA,NA,NA,NA,0
"267",2019-07-11 09:45:00,"No",2290,2250,1742.5,764.86821855,NA,NA,NA,764.86821855,1.76,NA,0
"268",2019-07-11 09:50:00,"No",NA,NA,NA,NA,NA,NA,NA,NA,NA,NA,0
"269",2019-07-11 09:55:00,"No",NA,NA,NA,NA,NA,NA,NA,NA,NA,NA,0
"270",2019-07-11 10:00:00,"No",2270,2235,1682.5,742.77049905,NA,NA,NA,742.77049905,1.73,NA,0
"271",2019-07-11 10:05:00,"No",NA,NA,NA,NA,NA,NA,NA,NA,NA,NA,0
"272",2019-07-11 10:10:00,"No",NA,NA,NA,NA,NA,NA,NA,NA,NA,NA,0
"273",2019-07-11 10:15:00,"No",2255,2215,1677.5,757.50231205,NA,NA,NA,757.50231205,1.46,NA,0
"274",2019-07-11 10:20:00,"No",NA,NA,NA,NA,NA,NA,NA,NA,NA,NA,0
"275",2019-07-11 10:25:00,"No",NA,NA,NA,NA,NA,NA,NA,NA,NA,NA,0
"276",2019-07-11 10:30:00,"No",2220,2195,1652.5,720.67277955,NA,NA,NA,720.67277955,1.43,NA,0
"277",2019-07-11 10:35:00,"No",NA,NA,NA,NA,NA,NA,NA,NA,NA,NA,0
"278",2019-07-11 10:40:00,"No",NA,NA,NA,NA,NA,NA,NA,NA,NA,NA,0
"279",2019-07-11 10:45:00,"No",2200,2175,1617.5,742.77049905,NA,NA,NA,742.77049905,1.48,NA,0
"280",2019-07-11 10:50:00,"No",NA,NA,NA,NA,NA,NA,NA,NA,NA,NA,0
"281",2019-07-11 10:55:00,"No",NA,NA,NA,NA,NA,NA,NA,NA,NA,NA,0
"282",2019-07-11 11:00:00,"No",2180,2135,1562.5,713.30687305,NA,NA,NA,713.30687305,1.41,NA,0
"283",2019-07-11 11:05:00,"No",NA,NA,NA,NA,NA,NA,NA,NA,NA,NA,0
"284",2019-07-11 11:10:00,"No",NA,NA,NA,NA,NA,NA,NA,NA,NA,NA,0
"285",2019-07-11 11:15:00,"No",2140,2125,1582.5,713.30687305,NA,NA,NA,713.30687305,NA,NA,0
"286",2019-07-11 11:20:00,"No",NA,NA,NA,NA,NA,NA,NA,NA,NA,NA,0
"287",2019-07-11 11:25:00,"No",NA,NA,NA,NA,NA,NA,NA,NA,NA,NA,0
"288",2019-07-11 11:30:00,"No",2120,2090,1542.5,713.30687305,NA,NA,NA,713.30687305,1.38,NA,0
"289",2019-07-11 11:35:00,"No",NA,NA,NA,NA,NA,NA,NA,NA,NA,NA,0
"290",2019-07-11 11:40:00,"No",NA,NA,NA,NA,NA,NA,NA,NA,NA,NA,0
"291",2019-07-11 11:45:00,"No",2100,2065,1487.5,683.84324705,NA,NA,NA,683.84324705,1.51,NA,0
"292",2019-07-11 11:48:00,"No",NA,NA,NA,NA,NA,NA,NA,NA,NA,NA,NA
"293",2019-07-11 11:50:00,"No",NA,NA,NA,NA,NA,NA,NA,NA,NA,NA,0
"294",2019-07-11 11:55:00,"No",NA,NA,NA,NA,NA,NA,NA,NA,NA,NA,0
"295",2019-07-11 12:00:00,"No",2070,2040,1492.5,698.57506005,NA,NA,NA,698.57506005,1.42,NA,0
"296",2019-07-11 12:03:00,"No",NA,NA,NA,NA,NA,NA,NA,NA,NA,NA,NA
"297",2019-07-11 12:05:00,"No",NA,NA,NA,NA,NA,NA,NA,NA,NA,NA,0
"298",2019-07-11 12:10:00,"No",NA,NA,NA,NA,NA,NA,NA,NA,NA,NA,0
"299",2019-07-11 12:15:00,"No",2065,2000,1467.5,683.84324705,NA,NA,NA,683.84324705,1.16,NA,0
"300",2019-07-11 12:18:00,"No",NA,NA,NA,NA,NA,NA,NA,NA,NA,NA,NA
"301",2019-07-11 12:20:00,"No",NA,NA,NA,NA,NA,NA,NA,NA,NA,NA,0
"302",2019-07-11 12:25:00,"No",NA,NA,NA,NA,NA,NA,NA,NA,NA,NA,0
"303",2019-07-11 12:30:00,"No",2035,1985,1362.5,683.84324705,NA,NA,NA,683.84324705,1.25,NA,0
"304",2019-07-11 12:33:00,"No",NA,NA,NA,NA,NA,NA,NA,NA,NA,NA,NA
"305",2019-07-11 12:35:00,"No",NA,NA,NA,NA,NA,NA,NA,NA,NA,NA,0
"306",2019-07-11 12:40:00,"No",NA,NA,NA,NA,NA,NA,NA,NA,NA,NA,0
"307",2019-07-11 12:45:00,"No",1990,1990,1327.5,683.84324705,NA,NA,NA,683.84324705,1.32,NA,0
"308",2019-07-11 12:48:00,"No",NA,NA,NA,NA,NA,NA,NA,NA,NA,NA,NA
"309",2019-07-11 12:50:00,"No",NA,NA,NA,NA,NA,NA,NA,NA,NA,NA,0
"310",2019-07-11 12:55:00,"No",NA,NA,NA,NA,NA,NA,NA,NA,NA,NA,0
"311",2019-07-11 13:00:00,"No",1995,1955,1337.5,654.37962105,NA,NA,NA,654.37962105,1.18,NA,0
"312",2019-07-11 13:03:00,"No",NA,NA,NA,NA,NA,NA,NA,NA,NA,NA,NA
"313",2019-07-11 13:05:00,"No",NA,NA,NA,NA,NA,NA,NA,NA,NA,NA,0
"314",2019-07-11 13:10:00,"No",NA,NA,NA,NA,NA,NA,NA,NA,NA,NA,0
"315",2019-07-11 13:15:00,"No",1980,1935,1377.5,661.74552755,NA,NA,NA,661.74552755,1.43,0.04,0
"316",2019-07-11 13:18:00,"No",NA,NA,NA,NA,NA,NA,NA,NA,NA,NA,NA
"317",2019-07-11 13:20:00,"No",NA,NA,NA,NA,NA,NA,NA,NA,NA,NA,0
"318",2019-07-11 13:25:00,"No",NA,NA,NA,NA,NA,NA,NA,NA,NA,NA,0
"319",2019-07-11 13:30:00,"No",1985,1955,407.5,661.74552755,NA,NA,NA,661.74552755,1.28,-0.08,0
"320",2019-07-11 13:33:00,"No",NA,NA,NA,NA,NA,NA,NA,NA,NA,NA,NA
"321",2019-07-11 13:35:00,"No",NA,NA,NA,NA,NA,NA,NA,NA,NA,NA,0
"322",2019-07-11 13:40:00,"No",NA,NA,NA,NA,NA,NA,NA,NA,NA,NA,0
"323",2019-07-11 13:45:00,"No",1970,1985,1737.5,683.84324705,NA,NA,NA,683.84324705,1.21,-0.05,0
"324",2019-07-11 13:48:00,"No",NA,NA,NA,NA,NA,NA,NA,NA,NA,NA,NA
"325",2019-07-11 13:50:00,"No",NA,NA,NA,NA,NA,NA,NA,NA,NA,NA,0
"326",2019-07-11 13:55:00,"No",NA,NA,NA,NA,NA,NA,NA,NA,NA,NA,0
"327",2019-07-11 14:00:00,"No",1975,1910,1727.5,669.11143405,NA,NA,NA,669.11143405,1.3,0.05,0
"328",2019-07-11 14:03:00,"No",NA,NA,NA,NA,NA,NA,NA,NA,NA,NA,NA
"329",2019-07-11 14:05:00,"No",NA,NA,NA,NA,NA,NA,NA,NA,NA,NA,0
"330",2019-07-11 14:10:00,"No",NA,NA,NA,NA,NA,NA,NA,NA,NA,NA,0
"331",2019-07-11 14:15:00,"No",1965,1935,1697.5,676.47734055,NA,NA,NA,676.47734055,1.3,0.14,0
"332",2019-07-11 14:18:00,"No",NA,NA,NA,NA,NA,NA,NA,NA,NA,NA,NA
"333",2019-07-11 14:20:00,"No",NA,NA,NA,NA,NA,NA,NA,NA,NA,NA,0
"334",2019-07-11 14:25:00,"No",NA,NA,NA,NA,NA,NA,NA,NA,NA,NA,0
"335",2019-07-11 14:30:00,"No",1975,1935,1687.5,669.11143405,NA,NA,NA,669.11143405,1.32,0.02,0
"336",2019-07-11 14:33:00,"No",NA,NA,NA,NA,NA,NA,NA,NA,NA,NA,NA
"337",2019-07-11 14:35:00,"No",NA,NA,NA,NA,NA,NA,NA,NA,NA,NA,0
"338",2019-07-11 14:40:00,"No",NA,NA,NA,NA,NA,NA,NA,NA,NA,NA,0
"339",2019-07-11 14:45:00,"No",2000,1960,1712.5,639.64780805,NA,NA,NA,639.64780805,1.3,0.09,0
"340",2019-07-11 14:48:00,"No",NA,NA,NA,NA,NA,NA,NA,NA,NA,NA,NA
"341",2019-07-11 14:50:00,"No",NA,NA,NA,NA,NA,NA,NA,NA,NA,NA,0
"342",2019-07-11 14:55:00,"No",NA,NA,NA,NA,NA,NA,NA,NA,NA,NA,0
"343",2019-07-11 15:00:00,"No",1995,1940,1717.5,661.74552755,NA,NA,NA,661.74552755,1.32,0.05,0
"344",2019-07-11 15:03:00,"No",NA,NA,NA,NA,NA,NA,NA,NA,NA,NA,NA
"345",2019-07-11 15:05:00,"No",NA,NA,NA,NA,NA,NA,NA,NA,NA,NA,0
"346",2019-07-11 15:10:00,"No",NA,NA,NA,NA,NA,NA,NA,NA,NA,NA,0
"347",2019-07-11 15:15:00,"No",2040,2000,1722.5,647.01371455,NA,NA,NA,647.01371455,1.52,0.03,0
"348",2019-07-11 15:20:00,"No",NA,NA,NA,NA,NA,NA,NA,NA,NA,NA,0
"349",2019-07-11 15:25:00,"No",NA,NA,NA,NA,NA,NA,NA,NA,NA,NA,0
"350",2019-07-11 15:30:00,"No",2060,1995,1767.5,654.37962105,NA,NA,NA,654.37962105,1.48,0.13,0
"351",2019-07-11 15:33:00,"No",NA,NA,NA,NA,NA,NA,NA,NA,NA,NA,NA
"352",2019-07-11 15:35:00,"No",NA,NA,NA,NA,NA,NA,NA,NA,NA,NA,0
"353",2019-07-11 15:40:00,"No",NA,NA,NA,NA,NA,NA,NA,NA,NA,NA,0
"354",2019-07-11 15:45:00,"No",2090,2030,1772.5,661.74552755,NA,NA,NA,661.74552755,1.49,0.01,0
"355",2019-07-11 15:48:00,"No",NA,NA,NA,NA,NA,NA,NA,NA,NA,NA,NA
"356",2019-07-11 15:50:00,"No",NA,NA,NA,NA,NA,NA,NA,NA,NA,NA,0
"357",2019-07-11 15:55:00,"No",NA,NA,NA,NA,NA,NA,NA,NA,NA,NA,0
"358",2019-07-11 16:00:00,"No",2070,2010,1782.5,654.37962105,NA,NA,NA,654.37962105,1.51,0.03,0
"359",2019-07-11 16:03:00,"No",NA,NA,NA,NA,NA,NA,NA,NA,NA,NA,NA
"360",2019-07-11 16:05:00,"No",NA,NA,NA,NA,NA,NA,NA,NA,NA,NA,0
"361",2019-07-11 16:10:00,"No",NA,NA,NA,NA,NA,NA,NA,NA,NA,NA,0
"362",2019-07-11 16:15:00,"No",2110,2045,1787.5,683.84324705,NA,NA,NA,683.84324705,1.5,0.04,0
"363",2019-07-11 16:18:00,"No",NA,NA,NA,NA,NA,NA,NA,NA,NA,NA,NA
"364",2019-07-11 16:20:00,"No",NA,NA,NA,NA,NA,NA,NA,NA,NA,NA,0
"365",2019-07-11 16:25:00,"No",NA,NA,NA,NA,NA,NA,NA,NA,NA,NA,0
"366",2019-07-11 16:30:00,"No",2100,2065,1807.5,676.47734055,NA,NA,NA,676.47734055,1.6,0.07,0
"367",2019-07-11 16:33:00,"No",NA,NA,NA,NA,NA,NA,NA,NA,NA,NA,NA
"368",2019-07-11 16:35:00,"No",NA,NA,NA,NA,NA,NA,NA,NA,NA,NA,0
"369",2019-07-11 16:40:00,"No",NA,NA,NA,NA,NA,NA,NA,NA,NA,NA,0
"370",2019-07-11 16:45:00,"No",2130,2085,1827.5,669.11143405,NA,NA,NA,669.11143405,1.64,0.12,0
"371",2019-07-11 16:48:00,"No",NA,NA,NA,NA,NA,NA,NA,NA,NA,NA,NA
"372",2019-07-11 16:50:00,"No",NA,NA,NA,NA,NA,NA,NA,NA,NA,NA,0
"373",2019-07-11 16:55:00,"No",NA,NA,NA,NA,NA,NA,NA,NA,NA,NA,0
"374",2019-07-11 17:00:00,"No",2120,2065,1817.5,661.74552755,NA,NA,NA,661.74552755,1.62,0.09,0
"375",2019-07-11 17:03:00,"No",NA,NA,NA,NA,NA,NA,NA,NA,NA,NA,NA
"376",2019-07-11 17:05:00,"No",NA,NA,NA,NA,NA,NA,NA,NA,NA,NA,0
"377",2019-07-11 17:10:00,"No",NA,NA,NA,NA,NA,NA,NA,NA,NA,NA,0
"378",2019-07-11 17:15:00,"No",2140,2095,1842.5,683.84324705,NA,NA,NA,683.84324705,1.72,0.05,0
"379",2019-07-11 17:18:00,"No",NA,NA,NA,NA,NA,NA,NA,NA,NA,NA,NA
"380",2019-07-11 17:20:00,"No",NA,NA,NA,NA,NA,NA,NA,NA,NA,NA,0
"381",2019-07-11 17:25:00,"No",NA,NA,NA,NA,NA,NA,NA,NA,NA,NA,0
"382",2019-07-11 17:30:00,"No",2170,2110,1842.5,669.11143405,NA,NA,NA,669.11143405,1.62,-0.04,0
"383",2019-07-11 17:33:00,"No",NA,NA,NA,NA,NA,NA,NA,NA,NA,NA,NA
"384",2019-07-11 17:35:00,"No",NA,NA,NA,NA,NA,NA,NA,NA,NA,NA,0
"385",2019-07-11 17:40:00,"No",NA,NA,NA,NA,NA,NA,NA,NA,NA,NA,0
"386",2019-07-11 17:45:00,"No",2245,2165,1872.5,691.20915355,NA,NA,NA,691.20915355,1.79,0.05,0
"387",2019-07-11 17:48:00,"No",NA,NA,NA,NA,NA,NA,NA,NA,NA,NA,NA
"388",2019-07-11 17:50:00,"No",NA,NA,NA,NA,NA,NA,NA,NA,NA,NA,0
"389",2019-07-11 17:55:00,"No",NA,NA,NA,NA,NA,NA,NA,NA,NA,NA,0
"390",2019-07-11 18:00:00,"No",2280,2215,1927.5,698.57506005,NA,NA,NA,698.57506005,1.93,0.1,0
"391",2019-07-11 18:03:00,"No",NA,NA,NA,NA,NA,NA,NA,NA,NA,NA,NA
"392",2019-07-11 18:05:00,"No",NA,NA,NA,NA,NA,NA,NA,NA,NA,NA,0
"393",2019-07-11 18:10:00,"No",NA,NA,NA,NA,NA,NA,NA,NA,NA,NA,0
"394",2019-07-11 18:15:00,"No",2365,2285,1957.5,691.20915355,NA,NA,NA,691.20915355,1.92,0.04,0
"395",2019-07-11 18:18:00,"No",NA,NA,NA,NA,NA,NA,NA,NA,NA,NA,NA
"396",2019-07-11 18:20:00,"No",NA,NA,NA,NA,NA,NA,NA,NA,NA,NA,0
"397",2019-07-11 18:25:00,"No",NA,NA,NA,NA,NA,NA,NA,NA,NA,NA,0
"398",2019-07-11 18:30:00,"No",2445,2360,2027.5,713.30687305,NA,NA,NA,713.30687305,1.99,0.05,0
"399",2019-07-11 18:33:00,"No",NA,NA,NA,NA,NA,NA,NA,NA,NA,NA,NA
"400",2019-07-11 18:35:00,"No",NA,NA,NA,NA,NA,NA,NA,NA,NA,NA,0
"401",2019-07-11 18:40:00,"No",NA,NA,NA,NA,NA,NA,NA,NA,NA,NA,0
"402",2019-07-11 18:45:00,"No",2505,2410,2052.5,713.30687305,NA,NA,NA,713.30687305,1.98,0,0
"403",2019-07-11 18:48:00,"No",NA,NA,NA,NA,NA,NA,NA,NA,NA,NA,NA
"404",2019-07-11 18:50:00,"No",NA,NA,NA,NA,NA,NA,NA,NA,NA,NA,0
"405",2019-07-11 18:55:00,"No",NA,NA,NA,NA,NA,NA,NA,NA,NA,NA,0
"406",2019-07-11 19:00:00,"No",2565,2500,2122.5,698.57506005,NA,NA,NA,698.57506005,2.08,0.09,0
"407",2019-07-11 19:03:00,"No",NA,NA,NA,NA,NA,NA,NA,NA,NA,NA,NA
"408",2019-07-11 19:05:00,"No",NA,NA,NA,NA,NA,NA,NA,NA,NA,NA,0
"409",2019-07-11 19:10:00,"No",NA,NA,NA,NA,NA,NA,NA,NA,NA,NA,0
"410",2019-07-11 19:15:00,"No",2620,2575,2182.5,720.67277955,NA,NA,NA,720.67277955,2.21,0.14,0
"411",2019-07-11 19:18:00,"No",NA,NA,NA,NA,NA,NA,NA,NA,NA,NA,NA
"412",2019-07-11 19:20:00,"No",NA,NA,NA,NA,NA,NA,NA,NA,NA,NA,0
"413",2019-07-11 19:25:00,"No",NA,NA,NA,NA,NA,NA,NA,NA,NA,NA,0
"414",2019-07-11 19:30:00,"No",2705,2610,2222.5,720.67277955,NA,NA,NA,720.67277955,2.25,0.08,0
"415",2019-07-11 19:33:00,"No",NA,NA,NA,NA,NA,NA,NA,NA,NA,NA,NA
"416",2019-07-11 19:35:00,"No",NA,NA,NA,NA,NA,NA,NA,NA,NA,NA,0
"417",2019-07-11 19:40:00,"No",NA,NA,NA,NA,NA,NA,NA,NA,NA,NA,0
"418",2019-07-11 19:45:00,"No",2745,2675,2277.5,705.94096655,NA,NA,NA,705.94096655,2.45,0.11,0
"419",2019-07-11 19:48:00,"No",NA,NA,NA,NA,NA,NA,NA,NA,NA,NA,NA
"420",2019-07-11 19:50:00,"No",NA,NA,NA,NA,NA,NA,NA,NA,NA,NA,0
"421",2019-07-11 19:55:00,"No",NA,NA,NA,NA,NA,NA,NA,NA,NA,NA,0
"422",2019-07-11 20:00:00,"No",2830,2720,2312.5,742.77049905,NA,NA,NA,742.77049905,2.35,0.09,0
"423",2019-07-11 20:03:00,"No",NA,NA,NA,NA,NA,NA,NA,NA,NA,NA,NA
"424",2019-07-11 20:05:00,"No",NA,NA,NA,NA,NA,NA,NA,NA,NA,NA,0
"425",2019-07-11 20:10:00,"No",NA,NA,NA,NA,NA,NA,NA,NA,NA,NA,0
"426",2019-07-11 20:15:00,"No",2870,2765,2367.5,728.03868605,NA,NA,NA,728.03868605,2.36,0.05,0
"427",2019-07-11 20:18:00,"No",NA,NA,NA,NA,NA,NA,NA,NA,NA,NA,NA
"428",2019-07-11 20:20:00,"No",NA,NA,NA,NA,NA,NA,NA,NA,NA,NA,0
"429",2019-07-11 20:25:00,"No",NA,NA,NA,NA,NA,NA,NA,NA,NA,NA,0
"430",2019-07-11 20:30:00,"No",2900,2800,2407.5,757.50231205,NA,NA,NA,757.50231205,2.43,0.05,0
"431",2019-07-11 20:33:00,"No",NA,NA,NA,NA,NA,NA,NA,NA,NA,NA,NA
"432",2019-07-11 20:35:00,"No",NA,NA,NA,NA,NA,NA,NA,NA,NA,NA,0
"433",2019-07-11 20:40:00,"No",NA,NA,NA,NA,NA,NA,NA,NA,NA,NA,0
"434",2019-07-11 20:45:00,"No",2945,2855,2442.5,742.77049905,NA,NA,NA,742.77049905,2.32,0.09,0
"435",2019-07-11 20:48:00,"No",NA,NA,NA,NA,NA,NA,NA,NA,NA,NA,NA
"436",2019-07-11 20:50:00,"No",NA,NA,NA,NA,NA,NA,NA,NA,NA,NA,0
"437",2019-07-11 20:55:00,"No",NA,NA,NA,NA,NA,NA,NA,NA,NA,NA,0
"438",2019-07-11 21:00:00,"No",2990,2900,2477.5,750.13640555,NA,NA,NA,750.13640555,2.45,0.08,0
"439",2019-07-11 21:03:00,"No",NA,NA,NA,NA,NA,NA,NA,NA,NA,NA,NA
"440",2019-07-11 21:05:00,"No",NA,NA,NA,NA,NA,NA,NA,NA,NA,NA,0
"441",2019-07-11 21:10:00,"No",NA,NA,NA,NA,NA,NA,NA,NA,NA,NA,0
"442",2019-07-11 21:15:00,"No",3020,2915,2512.5,764.86821855,NA,NA,NA,764.86821855,2.53,0.09,0
"443",2019-07-11 21:18:00,"No",NA,NA,NA,NA,NA,NA,NA,NA,NA,NA,NA
"444",2019-07-11 21:20:00,"No",NA,NA,NA,NA,NA,NA,NA,NA,NA,NA,0
"445",2019-07-11 21:25:00,"No",NA,NA,NA,NA,NA,NA,NA,NA,NA,NA,0
"446",2019-07-11 21:30:00,"No",3050,2975,2557.5,757.50231205,NA,NA,NA,757.50231205,2.58,0.11,0
"447",2019-07-11 21:33:00,"No",NA,NA,NA,NA,NA,NA,NA,NA,NA,NA,NA
"448",2019-07-11 21:35:00,"No",NA,NA,NA,NA,NA,NA,NA,NA,NA,NA,0
"449",2019-07-11 21:40:00,"No",NA,NA,NA,NA,NA,NA,NA,NA,NA,NA,0
"450",2019-07-11 21:45:00,"No",3085,3000,2577.5,757.50231205,NA,NA,NA,757.50231205,2.54,0.04,0
"451",2019-07-11 21:48:00,"No",NA,NA,NA,NA,NA,NA,NA,NA,NA,NA,NA
"452",2019-07-11 21:50:00,"No",NA,NA,NA,NA,NA,NA,NA,NA,NA,NA,0
"453",2019-07-11 21:55:00,"No",NA,NA,NA,NA,NA,NA,NA,NA,NA,NA,0
"454",2019-07-11 22:00:00,"No",3135,3020,2602.5,764.86821855,NA,NA,NA,764.86821855,2.55,0.08,0
"455",2019-07-11 22:03:00,"No",NA,NA,NA,NA,NA,NA,NA,NA,NA,NA,NA
"456",2019-07-11 22:05:00,"No",NA,NA,NA,NA,NA,NA,NA,NA,NA,NA,0
"457",2019-07-11 22:10:00,"No",NA,NA,NA,NA,NA,NA,NA,NA,NA,NA,0
"458",2019-07-11 22:15:00,"No",3150,3055,2642.5,764.86821855,NA,NA,NA,764.86821855,2.62,0.05,0
"459",2019-07-11 22:18:00,"No",NA,NA,NA,NA,NA,NA,NA,NA,NA,NA,NA
"460",2019-07-11 22:20:00,"No",NA,NA,NA,NA,NA,NA,NA,NA,NA,NA,0
"461",2019-07-11 22:25:00,"No",NA,NA,NA,NA,NA,NA,NA,NA,NA,NA,0.1
"462",2019-07-11 22:30:00,"No",3210,3065,2652.5,764.86821855,NA,NA,NA,764.86821855,2.55,0.16,0
"463",2019-07-11 22:33:00,"No",NA,NA,NA,NA,NA,NA,NA,NA,NA,NA,NA
"464",2019-07-11 22:35:00,"No",NA,NA,NA,NA,NA,NA,NA,NA,NA,NA,0
"465",2019-07-11 22:40:00,"No",NA,NA,NA,NA,NA,NA,NA,NA,NA,NA,0
"466",2019-07-11 22:45:00,"No",3215,3120,2702.5,772.23412505,NA,NA,NA,772.23412505,2.76,0.12,0.1
"467",2019-07-11 22:48:00,"No",NA,NA,NA,NA,NA,NA,NA,NA,NA,NA,NA
"468",2019-07-11 22:50:00,"No",NA,NA,NA,NA,NA,NA,NA,NA,NA,NA,0
"469",2019-07-11 22:55:00,"No",NA,NA,NA,NA,NA,NA,NA,NA,NA,NA,0
"470",2019-07-11 23:00:00,"No",3265,3130,2702.5,772.23412505,NA,NA,NA,772.23412505,2.74,0.14,0
"471",2019-07-11 23:03:00,"No",NA,NA,NA,NA,NA,NA,NA,NA,NA,NA,NA
"472",2019-07-11 23:05:00,"No",NA,NA,NA,NA,NA,NA,NA,NA,NA,NA,0
"473",2019-07-11 23:10:00,"No",NA,NA,NA,NA,NA,NA,NA,NA,NA,NA,0
"474",2019-07-11 23:15:00,"No",3260,3130,2742.5,786.96593805,NA,NA,NA,786.96593805,2.9,0.09,0.1
"475",2019-07-11 23:18:00,"No",NA,NA,NA,NA,NA,NA,NA,NA,NA,NA,NA
"476",2019-07-11 23:20:00,"No",NA,NA,NA,NA,NA,NA,NA,NA,NA,NA,0.1
"477",2019-07-11 23:25:00,"No",NA,NA,NA,NA,NA,NA,NA,NA,NA,NA,0.1
"478",2019-07-11 23:30:00,"No",3275,3165,2737.5,779.60003155,NA,NA,NA,779.60003155,2.84,0.13,0.1
"479",2019-07-11 23:33:00,"No",NA,NA,NA,NA,NA,NA,NA,NA,NA,NA,NA
"480",2019-07-11 23:35:00,"No",NA,NA,NA,NA,NA,NA,NA,NA,NA,NA,0
"481",2019-07-11 23:40:00,"No",NA,NA,NA,NA,NA,NA,NA,NA,NA,NA,0
"482",2019-07-11 23:45:00,"No",3295,3185,2752.5,779.60003155,NA,NA,NA,779.60003155,2.85,0.14,0.2
"483",2019-07-11 23:48:00,"No",NA,NA,NA,NA,NA,NA,NA,NA,NA,NA,NA
"484",2019-07-11 23:50:00,"No",NA,NA,NA,NA,NA,NA,NA,NA,NA,NA,0.1
"485",2019-07-11 23:55:00,"No",NA,NA,NA,NA,NA,NA,NA,NA,NA,NA,0
"486",2019-07-12 00:00:00,"No",3315,3195,2752.5,786.96593805,NA,NA,NA,786.96593805,2.79,0.21,0
"487",2019-07-12 00:03:00,"No",NA,NA,NA,NA,NA,NA,NA,NA,NA,NA,NA
"488",2019-07-12 00:05:00,"No",NA,NA,NA,NA,NA,NA,NA,NA,NA,NA,0.1
"489",2019-07-12 00:10:00,"No",NA,NA,NA,NA,NA,NA,NA,NA,NA,NA,0
"490",2019-07-12 00:15:00,"No",3300,3220,2762.5,809.06365755,NA,NA,NA,809.06365755,2.77,0.12,0.1
"491",2019-07-12 00:18:00,"No",NA,NA,NA,NA,NA,NA,NA,NA,NA,NA,NA
"492",2019-07-12 00:20:00,"No",NA,NA,NA,NA,NA,NA,NA,NA,NA,NA,0.1
"493",2019-07-12 00:25:00,"No",NA,NA,NA,NA,NA,NA,NA,NA,NA,NA,0
"494",2019-07-12 00:30:00,"No",3350,3230,2777.5,779.60003155,NA,NA,NA,779.60003155,2.81,0.13,0
"495",2019-07-12 00:33:00,"No",NA,NA,NA,NA,NA,NA,NA,NA,NA,NA,NA
"496",2019-07-12 00:35:00,"No",NA,NA,NA,NA,NA,NA,NA,NA,NA,NA,0
"497",2019-07-12 00:40:00,"No",NA,NA,NA,NA,NA,NA,NA,NA,NA,NA,0
"498",2019-07-12 00:45:00,"No",3390,3245,2787.5,809.06365755,NA,NA,NA,809.06365755,2.84,0.11,0
"499",2019-07-12 00:48:00,"No",NA,NA,NA,NA,NA,NA,NA,NA,NA,NA,NA
"500",2019-07-12 00:50:00,"No",NA,NA,NA,NA,NA,NA,NA,NA,NA,NA,0
"501",2019-07-12 00:55:00,"No",NA,NA,NA,NA,NA,NA,NA,NA,NA,NA,0
"502",2019-07-12 01:00:00,"No",3405,3265,2842.5,794.33184455,NA,NA,NA,794.33184455,2.96,0.17,0
"503",2019-07-12 01:03:00,"No",NA,NA,NA,NA,NA,NA,NA,NA,NA,NA,NA
"504",2019-07-12 01:05:00,"No",NA,NA,NA,NA,NA,NA,NA,NA,NA,NA,0
"505",2019-07-12 01:10:00,"No",NA,NA,NA,NA,NA,NA,NA,NA,NA,NA,0
"506",2019-07-12 01:15:00,"No",3400,3290,2852.5,801.69775105,NA,NA,NA,801.69775105,2.81,0.08,0
"507",2019-07-12 01:18:00,"No",NA,NA,NA,NA,NA,NA,NA,NA,NA,NA,NA
"508",2019-07-12 01:20:00,"No",NA,NA,NA,NA,NA,NA,NA,NA,NA,NA,0
"509",2019-07-12 01:25:00,"No",NA,NA,NA,NA,NA,NA,NA,NA,NA,NA,0
"510",2019-07-12 01:30:00,"No",3415,3295,2847.5,831.16137705,NA,NA,NA,831.16137705,3.02,0.09,0
"511",2019-07-12 01:33:00,"No",NA,NA,NA,NA,NA,NA,NA,NA,NA,NA,NA
"512",2019-07-12 01:35:00,"No",NA,NA,NA,NA,NA,NA,NA,NA,NA,NA,0
"513",2019-07-12 01:40:00,"No",NA,NA,NA,NA,NA,NA,NA,NA,NA,NA,0
"514",2019-07-12 01:45:00,"No",3455,3325,2877.5,801.69775105,NA,NA,NA,801.69775105,2.95,0.18,0.1
"515",2019-07-12 01:48:00,"No",NA,NA,NA,NA,NA,NA,NA,NA,NA,NA,NA
"516",2019-07-12 01:50:00,"No",NA,NA,NA,NA,NA,NA,NA,NA,NA,NA,0
"517",2019-07-12 01:55:00,"No",NA,NA,NA,NA,NA,NA,NA,NA,NA,NA,0
"518",2019-07-12 02:00:00,"No",3475,3340,2897.5,794.33184455,NA,NA,NA,794.33184455,3.05,0.11,0
"519",2019-07-12 02:03:00,"No",NA,NA,NA,NA,NA,NA,NA,NA,NA,NA,NA
"520",2019-07-12 02:05:00,"No",NA,NA,NA,NA,NA,NA,NA,NA,NA,NA,0
"521",2019-07-12 02:10:00,"No",NA,NA,NA,NA,NA,NA,NA,NA,NA,NA,0
"522",2019-07-12 02:15:00,"No",3465,3345,2917.5,794.33184455,NA,NA,NA,794.33184455,3,0.16,0
"523",2019-07-12 02:18:00,"No",NA,NA,NA,NA,NA,NA,NA,NA,NA,NA,NA
"524",2019-07-12 02:20:00,"No",NA,NA,NA,NA,NA,NA,NA,NA,NA,NA,0
"525",2019-07-12 02:25:00,"No",NA,NA,NA,NA,NA,NA,NA,NA,NA,NA,0
"526",2019-07-12 02:30:00,"No",3480,3400,2922.5,809.06365755,NA,NA,NA,809.06365755,2.97,0.13,0
"527",2019-07-12 02:33:00,"No",NA,NA,NA,NA,NA,NA,NA,NA,NA,NA,NA
"528",2019-07-12 02:35:00,"No",NA,NA,NA,NA,NA,NA,NA,NA,NA,NA,0
"529",2019-07-12 02:40:00,"No",NA,NA,NA,NA,NA,NA,NA,NA,NA,NA,0
"530",2019-07-12 02:45:00,"No",3525,3385,2937.5,823.79547055,NA,NA,NA,823.79547055,3.06,0.17,0
"531",2019-07-12 02:48:00,"No",NA,NA,NA,NA,NA,NA,NA,NA,NA,NA,NA
"532",2019-07-12 02:50:00,"No",NA,NA,NA,NA,NA,NA,NA,NA,NA,NA,0
"533",2019-07-12 02:55:00,"No",NA,NA,NA,NA,NA,NA,NA,NA,NA,NA,0
"534",2019-07-12 03:00:00,"No",3545,3430,2932.5,816.42956405,NA,NA,NA,816.42956405,3.17,0.12,0
"535",2019-07-12 03:03:00,"No",NA,NA,NA,NA,NA,NA,NA,NA,NA,NA,NA
"536",2019-07-12 03:05:00,"No",NA,NA,NA,NA,NA,NA,NA,NA,NA,NA,0
"537",2019-07-12 03:10:00,"No",NA,NA,NA,NA,NA,NA,NA,NA,NA,NA,0
"538",2019-07-12 03:15:00,"No",3550,3445,2967.5,801.69775105,NA,NA,NA,801.69775105,3.22,0.16,0
"539",2019-07-12 03:18:00,"No",NA,NA,NA,NA,NA,NA,NA,NA,NA,NA,NA
"540",2019-07-12 03:20:00,"No",NA,NA,NA,NA,NA,NA,NA,NA,NA,NA,0
"541",2019-07-12 03:25:00,"No",NA,NA,NA,NA,NA,NA,NA,NA,NA,NA,0
"542",2019-07-12 03:30:00,"No",3530,3435,2997.5,809.06365755,NA,NA,NA,809.06365755,3.15,0.07,0
"543",2019-07-12 03:33:00,"No",NA,NA,NA,NA,NA,NA,NA,NA,NA,NA,NA
"544",2019-07-12 03:35:00,"No",NA,NA,NA,NA,NA,NA,NA,NA,NA,NA,0
"545",2019-07-12 03:40:00,"No",NA,NA,NA,NA,NA,NA,NA,NA,NA,NA,0.1
"546",2019-07-12 03:45:00,"No",3585,3490,2962.5,816.42956405,NA,NA,NA,816.42956405,3.25,0.12,0.1
"547",2019-07-12 03:48:00,"No",NA,NA,NA,NA,NA,NA,NA,NA,NA,NA,NA
"548",2019-07-12 03:50:00,"No",NA,NA,NA,NA,NA,NA,NA,NA,NA,NA,0
"549",2019-07-12 03:55:00,"No",NA,NA,NA,NA,NA,NA,NA,NA,NA,NA,0.1
"550",2019-07-12 04:00:00,"No",3590,3465,2972.5,823.79547055,NA,NA,NA,823.79547055,3.31,0.12,0
"551",2019-07-12 04:03:00,"No",NA,NA,NA,NA,NA,NA,NA,NA,NA,NA,NA
"552",2019-07-12 04:05:00,"No",NA,NA,NA,NA,NA,NA,NA,NA,NA,NA,0.1
"553",2019-07-12 04:10:00,"No",NA,NA,NA,NA,NA,NA,NA,NA,NA,NA,0
"554",2019-07-12 04:15:00,"No",3595,3485,2987.5,816.42956405,NA,NA,NA,816.42956405,3.11,0.19,0
"555",2019-07-12 04:18:00,"No",NA,NA,NA,NA,NA,NA,NA,NA,NA,NA,NA
"556",2019-07-12 04:20:00,"No",NA,NA,NA,NA,NA,NA,NA,NA,NA,NA,0
"557",2019-07-12 04:25:00,"No",NA,NA,NA,NA,NA,NA,NA,NA,NA,NA,0
"558",2019-07-12 04:30:00,"No",3625,3485,2997.5,816.42956405,NA,NA,NA,816.42956405,3.2,0.15,0
"559",2019-07-12 04:33:00,"No",NA,NA,NA,NA,NA,NA,NA,NA,NA,NA,NA
"560",2019-07-12 04:35:00,"No",NA,NA,NA,NA,NA,NA,NA,NA,NA,NA,0.1
"561",2019-07-12 04:40:00,"No",NA,NA,NA,NA,NA,NA,NA,NA,NA,NA,0.1
"562",2019-07-12 04:45:00,"No",3615,3485,3017.5,823.79547055,NA,NA,NA,823.79547055,3.23,0.15,0.1
"563",2019-07-12 04:48:00,"No",NA,NA,NA,NA,NA,NA,NA,NA,NA,NA,NA
"564",2019-07-12 04:50:00,"No",NA,NA,NA,NA,NA,NA,NA,NA,NA,NA,0.2
"565",2019-07-12 04:55:00,"No",NA,NA,NA,NA,NA,NA,NA,NA,NA,NA,0.1
"566",2019-07-12 05:00:00,"No",3620,3485,3007.5,838.52728355,NA,NA,NA,838.52728355,3.16,0.07,0.1
"567",2019-07-12 05:03:00,"No",NA,NA,NA,NA,NA,NA,NA,NA,NA,NA,NA
"568",2019-07-12 05:05:00,"No",NA,NA,NA,NA,NA,NA,NA,NA,NA,NA,0
"569",2019-07-12 05:10:00,"No",NA,NA,NA,NA,NA,NA,NA,NA,NA,NA,0
"570",2019-07-12 05:15:00,"No",3620,3485,3007.5,831.16137705,NA,NA,NA,831.16137705,3.17,0.11,0
"571",2019-07-12 05:18:00,"No",NA,NA,NA,NA,NA,NA,NA,NA,NA,NA,NA
"572",2019-07-12 05:20:00,"No",NA,NA,NA,NA,NA,NA,NA,NA,NA,NA,0
"573",2019-07-12 05:25:00,"No",NA,NA,NA,NA,NA,NA,NA,NA,NA,NA,0
"574",2019-07-12 05:30:00,"No",3595,3500,3012.5,845.89319005,NA,NA,NA,845.89319005,3.22,0.1,0.1
"575",2019-07-12 05:33:00,"No",NA,NA,NA,NA,NA,NA,NA,NA,NA,NA,NA
"576",2019-07-12 05:35:00,"No",NA,NA,NA,NA,NA,NA,NA,NA,NA,NA,0.1
"577",2019-07-12 05:40:00,"No",NA,NA,NA,NA,NA,NA,NA,NA,NA,NA,0.1
"578",2019-07-12 05:45:00,"No",3610,3485,3017.5,831.16137705,NA,NA,NA,831.16137705,3.34,0.1,0
"579",2019-07-12 05:48:00,"No",NA,NA,NA,NA,NA,NA,NA,NA,NA,NA,NA
"580",2019-07-12 05:50:00,"No",NA,NA,NA,NA,NA,NA,NA,NA,NA,NA,0
"581",2019-07-12 05:55:00,"No",NA,NA,NA,NA,NA,NA,NA,NA,NA,NA,0
"582",2019-07-12 06:00:00,"No",3630,3505,3002.5,816.42956405,NA,NA,NA,816.42956405,3.28,0.13,0
"583",2019-07-12 06:03:00,"No",NA,NA,NA,NA,NA,NA,NA,NA,NA,NA,NA
"584",2019-07-12 06:05:00,"No",NA,NA,NA,NA,NA,NA,NA,NA,NA,NA,0
"585",2019-07-12 06:10:00,"No",NA,NA,NA,NA,NA,NA,NA,NA,NA,NA,0
"586",2019-07-12 06:15:00,"No",3605,3500,3022.5,845.89319005,NA,NA,NA,845.89319005,3.33,0.13,0
"587",2019-07-12 06:18:00,"No",NA,NA,NA,NA,NA,NA,NA,NA,NA,NA,NA
"588",2019-07-12 06:20:00,"No",NA,NA,NA,NA,NA,NA,NA,NA,NA,NA,0
"589",2019-07-12 06:25:00,"No",NA,NA,NA,NA,NA,NA,NA,NA,NA,NA,0
"590",2019-07-12 06:30:00,"No",3620,3500,3042.5,831.16137705,NA,NA,NA,831.16137705,3.43,0.14,0.1
"591",2019-07-12 06:33:00,"No",NA,NA,NA,NA,NA,NA,NA,NA,NA,NA,NA
"592",2019-07-12 06:35:00,"No",NA,NA,NA,NA,NA,NA,NA,NA,NA,NA,0
"593",2019-07-12 06:40:00,"No",NA,NA,NA,NA,NA,NA,NA,NA,NA,NA,0
"594",2019-07-12 06:45:00,"No",3590,3485,3022.5,845.89319005,NA,NA,NA,845.89319005,3.37,0.15,0
"595",2019-07-12 06:48:00,"No",NA,NA,NA,NA,NA,NA,NA,NA,NA,NA,NA
"596",2019-07-12 06:50:00,"No",NA,NA,NA,NA,NA,NA,NA,NA,NA,NA,0
"597",2019-07-12 06:55:00,"No",NA,NA,NA,NA,NA,NA,NA,NA,NA,NA,0
"598",2019-07-12 07:00:00,"No",3555,3465,2992.5,809.06365755,NA,NA,NA,809.06365755,3.38,0.14,0
"599",2019-07-12 07:03:00,"No",NA,NA,NA,NA,NA,NA,NA,NA,NA,NA,NA
"600",2019-07-12 07:05:00,"No",NA,NA,NA,NA,NA,NA,NA,NA,NA,NA,0
"601",2019-07-12 07:10:00,"No",NA,NA,NA,NA,NA,NA,NA,NA,NA,NA,0
"602",2019-07-12 07:15:00,"No",3535,3420,2972.5,823.79547055,NA,NA,NA,823.79547055,3.31,0.15,0
"603",2019-07-12 07:18:00,"No",NA,NA,NA,NA,NA,NA,NA,NA,NA,NA,NA
"604",2019-07-12 07:20:00,"No",NA,NA,NA,NA,NA,NA,NA,NA,NA,NA,0
"605",2019-07-12 07:25:00,"No",NA,NA,NA,NA,NA,NA,NA,NA,NA,NA,0
"606",2019-07-12 07:30:00,"No",3520,3395,2947.5,816.42956405,NA,NA,NA,816.42956405,3.34,0.12,0
"607",2019-07-12 07:33:00,"No",NA,NA,NA,NA,NA,NA,NA,NA,NA,NA,NA
"608",2019-07-12 07:35:00,"No",NA,NA,NA,NA,NA,NA,NA,NA,NA,NA,0
"609",2019-07-12 07:40:00,"No",NA,NA,NA,NA,NA,NA,NA,NA,NA,NA,0.1
"610",2019-07-12 07:45:00,"No",3490,3350,2927.5,809.06365755,NA,NA,NA,809.06365755,3.4,0.16,0
"611",2019-07-12 07:48:00,"No",NA,NA,NA,NA,NA,NA,NA,NA,NA,NA,NA
"612",2019-07-12 07:50:00,"No",NA,NA,NA,NA,NA,NA,NA,NA,NA,NA,0.1
"613",2019-07-12 07:55:00,"No",NA,NA,NA,NA,NA,NA,NA,NA,NA,NA,0
"614",2019-07-12 08:00:00,"No",3415,3335,2887.5,831.16137705,NA,NA,NA,831.16137705,3.3,0.18,0
"615",2019-07-12 08:03:00,"No",NA,NA,NA,NA,NA,NA,NA,NA,NA,NA,NA
"616",2019-07-12 08:05:00,"No",NA,NA,NA,NA,NA,NA,NA,NA,NA,NA,0
"617",2019-07-12 08:10:00,"No",NA,NA,NA,NA,NA,NA,NA,NA,NA,NA,0
"618",2019-07-12 08:15:00,"No",3345,3240,2862.5,809.06365755,NA,NA,NA,809.06365755,3.33,0.12,0
"619",2019-07-12 08:18:00,"No",NA,NA,NA,NA,NA,NA,NA,NA,NA,NA,NA
"620",2019-07-12 08:20:00,"No",NA,NA,NA,NA,NA,NA,NA,NA,NA,NA,0
"621",2019-07-12 08:25:00,"No",NA,NA,NA,NA,NA,NA,NA,NA,NA,NA,0
"622",2019-07-12 08:30:00,"No",3310,3210,2802.5,801.69775105,NA,NA,NA,801.69775105,3.29,0.11,0.1
"623",2019-07-12 08:33:00,"No",NA,NA,NA,NA,NA,NA,NA,NA,NA,NA,NA
"624",2019-07-12 08:35:00,"No",NA,NA,NA,NA,NA,NA,NA,NA,NA,NA,0
"625",2019-07-12 08:40:00,"No",NA,NA,NA,NA,NA,NA,NA,NA,NA,NA,0
"626",2019-07-12 08:45:00,"No",3260,3135,2772.5,816.42956405,NA,NA,NA,816.42956405,3.1,0.1,0
"627",2019-07-12 08:48:00,"No",NA,NA,NA,NA,NA,NA,NA,NA,NA,NA,NA
"628",2019-07-12 08:50:00,"No",NA,NA,NA,NA,NA,NA,NA,NA,NA,NA,0
"629",2019-07-12 08:55:00,"No",NA,NA,NA,NA,NA,NA,NA,NA,NA,NA,0
"630",2019-07-12 09:00:00,"No",3175,3080,2732.5,809.06365755,NA,NA,NA,809.06365755,3.03,0.2,0
"631",2019-07-12 09:03:00,"No",NA,NA,NA,NA,NA,NA,NA,NA,NA,NA,NA
"632",2019-07-12 09:05:00,"No",NA,NA,NA,NA,NA,NA,NA,NA,NA,NA,0
"633",2019-07-12 09:10:00,"No",NA,NA,NA,NA,NA,NA,NA,NA,NA,NA,0
"634",2019-07-12 09:12:00,"No",NA,NA,NA,NA,NA,NA,NA,NA,NA,NA,NA
"635",2019-07-12 09:15:00,"No",3130,3040,2657.5,816.42956405,NA,NA,NA,816.42956405,2.96,0.14,0
"636",2019-07-12 09:18:00,"No",NA,NA,NA,NA,NA,NA,NA,NA,NA,NA,NA
"637",2019-07-12 09:20:00,"No",NA,NA,NA,NA,NA,NA,NA,NA,NA,NA,0
"638",2019-07-12 09:25:00,"No",NA,NA,NA,NA,NA,NA,NA,NA,NA,NA,0
"639",2019-07-12 09:27:00,"No",NA,NA,NA,NA,NA,NA,NA,NA,NA,NA,NA
"640",2019-07-12 09:30:00,"No",3075,2990,2612.5,779.60003155,NA,NA,NA,779.60003155,2.82,0.09,0
"641",2019-07-12 09:33:00,"No",NA,NA,NA,NA,NA,NA,NA,NA,NA,NA,NA
"642",2019-07-12 09:35:00,"No",NA,NA,NA,NA,NA,NA,NA,NA,NA,NA,0
"643",2019-07-12 09:40:00,"No",NA,NA,NA,NA,NA,NA,NA,NA,NA,NA,0
"644",2019-07-12 09:42:00,"No",NA,NA,NA,NA,NA,NA,NA,NA,NA,NA,NA
"645",2019-07-12 09:45:00,"No",3005,2920,2587.5,801.69775105,NA,NA,NA,801.69775105,2.83,-0.03,0
"646",2019-07-12 09:48:00,"No",NA,NA,NA,NA,NA,NA,NA,NA,NA,NA,NA
"647",2019-07-12 09:50:00,"No",NA,NA,NA,NA,NA,NA,NA,NA,NA,NA,0
"648",2019-07-12 09:55:00,"No",NA,NA,NA,NA,NA,NA,NA,NA,NA,NA,0
"649",2019-07-12 09:57:00,"No",NA,NA,NA,NA,NA,NA,NA,NA,NA,NA,NA
"650",2019-07-12 10:00:00,"No",2950,2880,2532.5,786.96593805,NA,NA,NA,786.96593805,2.66,0.11,0
"651",2019-07-12 10:03:00,"No",NA,NA,NA,NA,NA,NA,NA,NA,NA,NA,NA
"652",2019-07-12 10:05:00,"No",NA,NA,NA,NA,NA,NA,NA,NA,NA,NA,0
"653",2019-07-12 10:10:00,"No",NA,NA,NA,NA,NA,NA,NA,NA,NA,NA,0
"654",2019-07-12 10:12:00,"No",NA,NA,NA,NA,NA,NA,NA,NA,NA,NA,NA
"655",2019-07-12 10:15:00,"No",2925,2845,2482.5,772.23412505,NA,NA,NA,772.23412505,2.57,0.08,0
"656",2019-07-12 10:18:00,"No",NA,NA,NA,NA,NA,NA,NA,NA,NA,NA,NA
"657",2019-07-12 10:20:00,"No",NA,NA,NA,NA,NA,NA,NA,NA,NA,NA,0
"658",2019-07-12 10:25:00,"No",NA,NA,NA,NA,NA,NA,NA,NA,NA,NA,0
"659",2019-07-12 10:27:00,"No",NA,NA,NA,NA,NA,NA,NA,NA,NA,NA,NA
"660",2019-07-12 10:30:00,"No",2870,2805,2452.5,764.86821855,NA,NA,NA,764.86821855,2.46,0.06,0
"661",2019-07-12 10:33:00,"No",NA,NA,NA,NA,NA,NA,NA,NA,NA,NA,NA
"662",2019-07-12 10:35:00,"No",NA,NA,NA,NA,NA,NA,NA,NA,NA,NA,0
"663",2019-07-12 10:40:00,"No",NA,NA,NA,NA,NA,NA,NA,NA,NA,NA,0
"664",2019-07-12 10:42:00,"No",NA,NA,NA,NA,NA,NA,NA,NA,NA,NA,NA
"665",2019-07-12 10:45:00,"No",2855,2760,2417.5,757.50231205,NA,NA,NA,757.50231205,2.29,0.09,0
"666",2019-07-12 10:48:00,"No",NA,NA,NA,NA,NA,NA,NA,NA,NA,NA,NA
"667",2019-07-12 10:50:00,"No",NA,NA,NA,NA,NA,NA,NA,NA,NA,NA,0
"668",2019-07-12 10:55:00,"No",NA,NA,NA,NA,NA,NA,NA,NA,NA,NA,0
"669",2019-07-12 10:57:00,"No",NA,NA,NA,NA,NA,NA,NA,NA,NA,NA,NA
"670",2019-07-12 11:00:00,"No",2805,2750,2387.5,750.13640555,NA,NA,NA,750.13640555,2.29,0.2,0
"671",2019-07-12 11:03:00,"No",NA,NA,NA,NA,NA,NA,NA,NA,NA,NA,NA
"672",2019-07-12 11:05:00,"No",NA,NA,NA,NA,NA,NA,NA,NA,NA,NA,0
"673",2019-07-12 11:10:00,"No",NA,NA,NA,NA,NA,NA,NA,NA,NA,NA,0
"674",2019-07-12 11:12:00,"No",NA,NA,NA,NA,NA,NA,NA,NA,NA,NA,NA
"675",2019-07-12 11:15:00,"No",2765,2695,2367.5,750.13640555,NA,NA,NA,750.13640555,2.22,0.08,0
"676",2019-07-12 11:18:00,"No",NA,NA,NA,NA,NA,NA,NA,NA,NA,NA,NA
"677",2019-07-12 11:20:00,"No",NA,NA,NA,NA,NA,NA,NA,NA,NA,NA,0
"678",2019-07-12 11:25:00,"No",NA,NA,NA,NA,NA,NA,NA,NA,NA,NA,0
"679",2019-07-12 11:27:00,"No",NA,NA,NA,NA,NA,NA,NA,NA,NA,NA,NA
"680",2019-07-12 11:30:00,"No",NA,2695,2357.5,742.77049905,NA,NA,NA,742.77049905,2.17,0.09,0
"681",2019-07-12 11:35:00,"No",NA,NA,NA,NA,NA,NA,NA,NA,NA,NA,0
"682",2019-07-12 11:40:00,"No",NA,NA,NA,NA,NA,NA,NA,NA,NA,NA,0
"683",2019-07-12 11:42:00,"No",NA,NA,NA,NA,NA,NA,NA,NA,NA,NA,NA
"684",2019-07-12 11:45:00,"No",NA,NA,NA,735.40459255,NA,NA,NA,735.40459255,1.99,0.03,0
"685",2019-07-12 11:48:00,"No",NA,NA,NA,NA,NA,NA,NA,NA,NA,NA,NA
"686",2019-07-12 11:50:00,"No",NA,NA,NA,NA,NA,NA,NA,NA,NA,NA,0
"687",2019-07-12 11:55:00,"No",NA,NA,NA,NA,NA,NA,NA,NA,NA,NA,0
"688",2019-07-12 11:57:00,"No",NA,NA,NA,NA,NA,NA,NA,NA,NA,NA,NA
"689",2019-07-12 12:00:00,"No",NA,NA,NA,NA,NA,NA,NA,NA,3.41,0.08,0
"690",2019-07-12 12:03:00,"No",NA,NA,NA,NA,NA,NA,NA,NA,NA,NA,NA
"691",2019-07-12 12:05:00,"No",NA,NA,NA,NA,NA,NA,NA,NA,NA,NA,0
"692",2019-07-12 12:10:00,"No",NA,NA,NA,NA,NA,NA,NA,NA,NA,NA,0
"693",2019-07-12 12:12:00,"No",NA,NA,NA,NA,NA,NA,NA,NA,NA,NA,NA
"694",2019-07-12 12:15:00,"No",NA,NA,NA,NA,NA,NA,NA,NA,3.12,0.16,0
"695",2019-07-12 12:18:00,"No",NA,NA,NA,NA,NA,NA,NA,NA,NA,NA,NA
"696",2019-07-12 12:20:00,"No",NA,NA,NA,NA,NA,NA,NA,NA,NA,NA,0
"697",2019-07-12 12:25:00,"No",NA,NA,NA,NA,NA,NA,NA,NA,NA,NA,0
"698",2019-07-12 12:27:00,"No",NA,NA,NA,NA,NA,NA,NA,NA,NA,NA,NA
"699",2019-07-12 12:30:00,"No",NA,NA,NA,NA,NA,NA,NA,NA,2.99,0.12,0
"700",2019-07-12 12:31:00,"No",NA,NA,3427.5,NA,NA,NA,5221.54559952127,NA,NA,NA,NA
"701",2019-07-12 12:32:00,"No",NA,NA,3412.5,NA,NA,NA,5198.83309438806,NA,NA,NA,NA
"702",2019-07-12 12:33:00,"No",NA,NA,3392.5,NA,NA,NA,5168.50180953482,NA,NA,NA,NA
"703",2019-07-12 12:34:00,"No",NA,4045,3422.5,NA,NA,6162.75555857402,5214.34632860806,NA,NA,NA,NA
"704",2019-07-12 12:35:00,"No",NA,4030,3417.5,NA,NA,6140.06629635985,5206.86763469225,NA,NA,NA,0
"705",2019-07-12 12:36:00,"No",NA,3830,3392.5,NA,NA,5835.50418301199,5168.91591145383,NA,NA,NA,NA
"706",2019-07-12 12:37:00,"No",NA,3610,3412.5,NA,NA,5500.45235763092,5199.52733252508,NA,NA,NA,NA
"707",2019-07-12 12:38:00,"No",NA,3380,3377.5,NA,NA,5150.14550054194,5146.33622132556,NA,NA,NA,NA
"708",2019-07-12 12:39:00,"No",NA,3200,3387.5,NA,NA,4876.00753619541,5161.71110276936,NA,NA,NA,NA
"709",2019-07-12 12:40:00,"No",NA,3040,3387.5,NA,NA,4632.33077764184,5161.84885173083,NA,0,NA,0
"710",2019-07-12 12:41:00,"No",NA,2940,3387.5,NA,NA,4480.07101267583,5161.98658348278,NA,NA,NA,NA
"711",2019-07-12 12:42:00,"No",NA,2870,3337.5,NA,NA,4373.51933214186,5085.93058223814,NA,NA,NA,NA
"712",2019-07-12 12:43:00,"No",NA,2795,3287.5,NA,NA,4259.34237158629,5009.87049967439,NA,NA,NA,NA
"713",2019-07-12 12:44:00,"No",2710,2735,3207.5,NA,4129.91974487642,4168.01863551181,4888.08766852071,NA,NA,NA,NA
"714",2019-07-12 12:45:00,"No",2665,2690,3072.5,NA,4061.45004586509,4099.54995248671,4682.47852379756,NA,1.55,-0.06,0
"715",2019-07-12 12:46:00,"No",2665,2670,2987.5,NA,4061.68825326662,4069.30868150915,4553.20587490958,NA,NA,NA,NA
"716",2019-07-12 12:47:00,"No",2660,2660,2892.5,NA,4054.30556765032,4054.30556765032,4408.67626106337,NA,NA,NA,NA
"717",2019-07-12 12:48:00,"No",2640,2630,2807.5,NA,4024.05800575174,4008.81536179056,4279.37229210152,NA,NA,NA,NA
"718",2019-07-12 12:49:00,"No",2655,2630,2732.5,NA,4047.15923366929,4009.05038966111,4165.29665009467,NA,NA,NA,NA
"719",2019-07-12 12:50:00,"No",2630,2615,2632.5,NA,4009.28539988147,3986.41875311408,4013.09650767603,NA,1.58,NA,0
"720",2019-07-12 12:51:00,"No",2635,2610,2587.5,NA,4017.14305603764,3979.02974431053,3944.72776375613,NA,NA,NA,NA
"721",2019-07-12 12:52:00,"No",2615,2580,2527.5,NA,3986.88604326782,3933.5242797824,3853.48163455427,NA,NA,NA,NA
"722",2019-07-12 12:53:00,"No",2615,2575,2467.5,NA,3987.11966233565,3926.13121625785,3762.22476742379,NA,NA,NA,NA
